lead_id,resumo
lead_001,"Resumo do lead lead_001
{'nome': 'Rafael Gallo', 'qtd_imoveis': '3', 'localizacao': 'São Paulo - SP', 'experiencia': 'Já utilizei OLX e Zap Imóveis, mas não tive bons resultados.'}
Pitch:
Olá Rafael Gallo,

Meu nome é Assistente Welhome e estou aqui para te mostrar como podemos te ajudar a vender seus 3 imóveis em São Paulo com muito mais eficiência do que você experimentou no OLX e Zap Imóveis.  Entendemos sua frustração com os resultados anteriores e queremos te apresentar uma solução diferente.

A Welhome se diferencia pela sua abordagem focada em **resultados**, utilizando uma estratégia poderosa que engloba três pontos principais:

**1. Qualificação de Leads:** Diferentemente de plataformas abertas, a Welhome atrai compradores **realmente interessados** em adquirir imóveis como os seus em São Paulo.  Nosso sistema filtra os leads, garantindo que você receba apenas contatos qualificados, ou seja, pessoas com maior probabilidade de compra, economizando seu tempo e energia em contatos improdutivos.  Isso significa menos ligações desnecessárias e mais conversas com potenciais clientes.

**2. Redução do Tempo de Venda:** Com leads qualificados chegando diretamente a você, o tempo dedicado à prospecção diminui drasticamente.  Nossa plataforma intuitiva e fácil de usar permite que você gerencie seus anúncios, acompanhe o desempenho e se comunique com os interessados de forma organizada e eficiente, agilizando todo o processo de venda.  Você foca no que importa: fechar negócio.

**3. Facilidade de Uso do Painel:** O painel da Welhome foi projetado para ser intuitivo e fácil de usar, mesmo para quem não tem experiência com plataformas de vendas imobiliárias.  Você terá acesso a relatórios detalhados, acompanhamento em tempo real do desempenho dos seus anúncios e ferramentas para facilitar a comunicação com potenciais compradores.  Em poucas palavras:  simples, prático e eficaz.

Em resumo, a Welhome te oferece uma experiência completa e otimizada para vender seus imóveis em São Paulo.  Deixamos de lado a busca por leads e focamos em fornecer a você os melhores, economizando seu tempo e maximizando suas chances de sucesso.  

Ficou interessado em saber mais sobre como a Welhome pode te ajudar a vender seus imóveis rapidamente e com menos esforço?  Entre em contato conosco para agendar uma demonstração personalizada.

Resumo estruturado:
- **Nome:** Rafael Gallo
- **Qtd_Imoveis:** 3
- **Localizacao:** São Paulo - SP
- **Experiencia:** Insatisfação com OLX e Zap Imóveis.
- **Pontos_Chave:**
    * Leads qualificados: compradores realmente interessados.
    * Redução do tempo de venda: foco em fechar negócios.
    * Painel intuitivo e fácil de usar: acompanhamento em tempo real.
- **Proximos_Passos:**
    * Contato para demonstração personalizada.
"
lead_001,"Rafael, com 3 imóveis em São Paulo e frustrado com OLX e Zap, a Welhome oferece uma solução completa de locação e gestão imobiliária.  Nós atraímos locatários qualificados, gerenciamos o processo inteiro, incluindo cobranças e manutenção, maximizando seu retorno e minimizando suas preocupações.  Diga adeus à dor de cabeça e olá a uma rentabilidade otimizada.  Agende uma conversa e descubra como."
lead_001,"Rafael, cansado de OLX e Zap?  A Welhome oferece soluções de marketing imobiliário completas para alcançar compradores qualificados em São Paulo.  Com nossos três imóveis, você terá exposição ampliada, gerando mais leads e vendas mais rapidamente.  Diga adeus à frustração e olá aos resultados. Agende uma consulta gratuita e descubra como!"
lead_001,"Rafael, cansado de OLX e Zap?  A Welhome oferece resultados superiores na venda de imóveis em São Paulo.  Com nossa estratégia de marketing digital focada e atendimento personalizado, seus 3 imóveis alcançarão o público certo, gerando mais leads qualificados e vendas mais rápidas.  Vamos agendar uma conversa para te mostrar como?"
